{"data_examined": "FaceFour", "effect_used": "rwalksd0.05_effectdb", "alpha-level": 0.05, "lag value": 2, "representation used": "non-Grail", "precision": 0.1467065868263473, "recall": 0.4375, "f-score": 0.21973094170403587, "return_time": 955.0357077121735}