{"data_examined": "FaceFour", "effect_used": "mixsd0.1_0.05_causaldb", "alpha-level": 0.01, "lag value": 2, "representation used": "non-Grail", "precision": 0.3333333333333333, "recall": 0.07142857142857142, "f-score": 0.11764705882352941, "return_time": 20478.81489920616}