{"data_examined": "FaceFour", "effect_used": "randomsd0.1_effectdb", "alpha-level": 0.01, "lag value": 2, "representation used": "non-Grail", "precision": 0.5833333333333334, "recall": 0.0625, "f-score": 0.11290322580645161, "return_time": 3373.938482284546}