{"data_examined": "FaceFour", "effect_used": "randomsd0.2_effectdb", "alpha-level": 0.1, "lag value": 2, "representation used": "non-Grail", "precision": 0.2361111111111111, "recall": 0.15178571428571427, "f-score": 0.1847826086956522, "return_time": 650.3884568214417}