{"data_examined": "FaceFour", "effect_used": "rwalksd0.05_effectdb", "alpha-level": 0.025, "lag value": 2, "representation used": "non-Grail", "precision": 0.18725099601593626, "recall": 0.41964285714285715, "f-score": 0.25895316804407714, "return_time": 955.0357077121735}