{"data_examined": "FaceFour", "effect_used": "rwalksd0.05_effectdb", "alpha-level": 0.1, "lag value": 2, "representation used": "non-Grail", "precision": 0.10721247563352826, "recall": 0.49107142857142855, "f-score": 0.176, "return_time": 955.0357077121735}