{"data_examined": "FaceFour", "effect_used": "randomsd0.2_effectdb", "alpha-level": 0.025, "lag value": 2, "representation used": "non-Grail", "precision": 0.40540540540540543, "recall": 0.13392857142857142, "f-score": 0.20134228187919462, "return_time": 650.3884568214417}