{"data_examined": "FaceFour", "effect_used": "randomsd0.2_effectdb", "alpha-level": 0.1, "lag value": 1, "representation used": "non-Grail", "precision": 0.5497382198952879, "recall": 0.9375, "f-score": 0.6930693069306931, "return_time": 650.3884568214417}