{"data_examined": "FaceFour", "effect_used": "randomsd0.2_effectdb", "alpha-level": 0.1, "lag value": 2, "representation used": "non-Grail", "precision": 0.36363636363636365, "recall": 0.03571428571428571, "f-score": 0.06504065040650406, "return_time": 826.2591459751129}