{"data_examined": "FaceFour", "effect_used": "mixsd0.2_0.05_causaldb", "alpha-level": 0.05, "lag value": 2, "representation used": "non-Grail", "precision": 0.12398373983739837, "recall": 0.5446428571428571, "f-score": 0.2019867549668874, "return_time": 715.0453267097473}