{"data_examined": "FaceFour", "effect_used": "randomsd0.1_effectdb", "alpha-level": 0.1, "lag value": 1, "representation used": "non-Grail", "precision": 0.327217125382263, "recall": 0.9553571428571429, "f-score": 0.4874715261958998, "return_time": 677.0488078594208}