{"data_examined": "FaceFour", "effect_used": "randomsd0.2_effectdb", "alpha-level": 0.1, "lag value": 1, "representation used": "non-Grail", "precision": 0.923728813559322, "recall": 0.9732142857142857, "f-score": 0.9478260869565216, "return_time": 826.2591459751129}