{"data_examined": "FaceFour", "effect_used": "rwalksd0.1_effectdb", "alpha-level": 0.01, "lag value": 1, "representation used": "non-Grail", "precision": 0.9016393442622951, "recall": 0.9821428571428571, "f-score": 0.9401709401709402, "return_time": 10170.881407499313}