{"data_examined": "FaceFour", "effect_used": "mixsd0.1_0.1_causaldb", "alpha-level": 0.05, "lag value": 2, "representation used": "non-Grail", "precision": 0.3125, "recall": 0.08928571428571429, "f-score": 0.1388888888888889, "return_time": 20544.172076702118}