{"data_examined": "FaceFour", "effect_used": "randomsd0.2_effectdb", "alpha-level": 0.01, "lag value": 2, "representation used": "non-Grail", "precision": 0.45454545454545453, "recall": 0.08928571428571429, "f-score": 0.1492537313432836, "return_time": 650.3884568214417}