{"data_examined": "FaceFour", "effect_used": "rwalksd0.1_effectdb", "alpha-level": 0.01, "lag value": 2, "representation used": "non-Grail", "precision": 0.8076923076923077, "recall": 0.1875, "f-score": 0.30434782608695654, "return_time": 10170.881407499313}