{"data_examined": "FaceFour", "effect_used": "randomsd0.1_effectdb", "alpha-level": 0.1, "lag value": 1, "representation used": "non-Grail", "precision": 0.859375, "recall": 0.9821428571428571, "f-score": 0.9166666666666665, "return_time": 3373.938482284546}