{"data_examined": "FaceFour", "effect_used": "randomsd0.1_effectdb", "alpha-level": 0.025, "lag value": 1, "representation used": "non-Grail", "precision": 0.5119617224880383, "recall": 0.9553571428571429, "f-score": 0.6666666666666667, "return_time": 677.0488078594208}