{"data_examined": "FaceFour", "effect_used": "mixsd0.2_0.1_causaldb", "alpha-level": 0.05, "lag value": 1, "representation used": "non-Grail", "precision": 0.7692307692307693, "recall": 0.9821428571428571, "f-score": 0.8627450980392156, "return_time": 20328.798018455505}