{"data_examined": "FaceFour", "effect_used": "rwalksd0.05_effectdb", "alpha-level": 0.01, "lag value": 1, "representation used": "non-Grail", "precision": 0.4723404255319149, "recall": 0.9910714285714286, "f-score": 0.6397694524495677, "return_time": 955.0357077121735}