{"data_examined": "FaceFour", "effect_used": "randomsd0.2_effectdb", "alpha-level": 0.05, "lag value": 2, "representation used": "non-Grail", "precision": 0.27586206896551724, "recall": 0.14285714285714285, "f-score": 0.18823529411764706, "return_time": 650.3884568214417}