{"data_examined": "FaceFour", "effect_used": "randomsd0.1_effectdb", "alpha-level": 0.1, "lag value": 2, "representation used": "non-Grail", "precision": 0.5, "recall": 0.08035714285714286, "f-score": 0.13846153846153847, "return_time": 3373.938482284546}