{"data_examined": "FaceFour", "effect_used": "randomsd0.2_effectdb", "alpha-level": 0.01, "lag value": 2, "representation used": "non-Grail", "precision": 0.42857142857142855, "recall": 0.026785714285714284, "f-score": 0.050420168067226885, "return_time": 826.2591459751129}