{"data_examined": "FaceFour", "effect_used": "mixsd0.2_0.05_causaldb", "alpha-level": 0.1, "lag value": 2, "representation used": "non-Grail", "precision": 0.2702702702702703, "recall": 0.08928571428571429, "f-score": 0.1342281879194631, "return_time": 20590.35630464554}