{"data_examined": "FaceFour", "effect_used": "rwalksd0.1_effectdb", "alpha-level": 0.025, "lag value": 1, "representation used": "non-Grail", "precision": 0.8661417322834646, "recall": 0.9821428571428571, "f-score": 0.9205020920502093, "return_time": 10170.881407499313}