{"data_examined": "FaceFour", "effect_used": "mixsd0.1_0.1_causaldb", "alpha-level": 0.05, "lag value": 1, "representation used": "non-Grail", "precision": 0.2033271719038817, "recall": 0.9821428571428571, "f-score": 0.33690658499234305, "return_time": 396.79120802879333}