{"data_examined": "FaceFour", "effect_used": "randomsd0.1_effectdb", "alpha-level": 0.025, "lag value": 2, "representation used": "non-Grail", "precision": 0.19101123595505617, "recall": 0.15178571428571427, "f-score": 0.16915422885572137, "return_time": 411.1189739704132}