{"data_examined": "FaceFour", "effect_used": "randomsd0.1_effectdb", "alpha-level": 0.01, "lag value": 1, "representation used": "non-Grail", "precision": 0.5888888888888889, "recall": 0.9464285714285714, "f-score": 0.7260273972602741, "return_time": 677.0488078594208}