{"data_examined": "FaceFour", "effect_used": "randomsd0.2_effectdb", "alpha-level": 0.025, "lag value": 1, "representation used": "non-Grail", "precision": 0.6938775510204082, "recall": 0.9107142857142857, "f-score": 0.7876447876447876, "return_time": 650.3884568214417}