{"data_examined": "FaceFour", "effect_used": "randomsd0.2_effectdb", "alpha-level": 0.025, "lag value": 1, "representation used": "non-Grail", "precision": 0.9553571428571429, "recall": 0.9553571428571429, "f-score": 0.9553571428571429, "return_time": 826.2591459751129}