{"data_examined": "FaceFour", "effect_used": "randomsd0.1_effectdb", "alpha-level": 0.05, "lag value": 1, "representation used": "non-Grail", "precision": 0.4196078431372549, "recall": 0.9553571428571429, "f-score": 0.5831062670299728, "return_time": 677.0488078594208}