{"data_examined": "FaceFour", "effect_used": "mixsd0.1_0.05_causaldb", "alpha-level": 0.025, "lag value": 2, "representation used": "non-Grail", "precision": 0.16066481994459833, "recall": 0.5178571428571429, "f-score": 0.2452431289640592, "return_time": 732.2643575668335}