{"data_examined": "FaceFour", "effect_used": "randomsd0.1_effectdb", "alpha-level": 0.05, "lag value": 1, "representation used": "non-Grail", "precision": 0.872, "recall": 0.9732142857142857, "f-score": 0.919831223628692, "return_time": 3373.938482284546}