{"data_examined": "FaceFour", "effect_used": "mixsd0.1_0.1_causaldb", "alpha-level": 0.1, "lag value": 2, "representation used": "non-Grail", "precision": 0.09175531914893617, "recall": 0.6160714285714286, "f-score": 0.15972222222222224, "return_time": 718.5924868583679}