{"data_examined": "FaceFour", "effect_used": "mixsd0.2_0.1_causaldb", "alpha-level": 0.01, "lag value": 1, "representation used": "non-Grail", "precision": 0.7910447761194029, "recall": 0.9464285714285714, "f-score": 0.8617886178861788, "return_time": 20328.798018455505}