{"data_examined": "FaceFour", "effect_used": "randomsd0.2_effectdb", "alpha-level": 0.01, "lag value": 1, "representation used": "non-Grail", "precision": 0.9636363636363636, "recall": 0.9464285714285714, "f-score": 0.9549549549549549, "return_time": 826.2591459751129}