{"data_examined": "FaceFour", "effect_used": "mixsd0.2_0.05_causaldb", "alpha-level": 0.1, "lag value": 1, "representation used": "non-Grail", "precision": 0.7516778523489933, "recall": 1.0, "f-score": 0.8582375478927203, "return_time": 20590.35630464554}