{"data_examined": "FaceFour", "effect_used": "rwalksd0.05_effectdb", "alpha-level": 0.025, "lag value": 1, "representation used": "non-Grail", "precision": 0.36633663366336633, "recall": 0.9910714285714286, "f-score": 0.5349397590361445, "return_time": 955.0357077121735}