{"data_examined": "FaceFour", "effect_used": "rwalksd0.1_effectdb", "alpha-level": 0.05, "lag value": 1, "representation used": "non-Grail", "precision": 0.2824427480916031, "recall": 0.9910714285714286, "f-score": 0.4396039603960396, "return_time": 815.6476566791534}