{"data_examined": "FaceFour", "effect_used": "rwalksd0.05_effectdb", "alpha-level": 0.05, "lag value": 1, "representation used": "non-Grail", "precision": 0.859375, "recall": 0.9821428571428571, "f-score": 0.9166666666666665, "return_time": 14211.178389310837}