{"data_examined": "FaceFour", "effect_used": "randomsd0.2_effectdb", "alpha-level": 0.05, "lag value": 2, "representation used": "non-Grail", "precision": 0.3333333333333333, "recall": 0.026785714285714284, "f-score": 0.04958677685950413, "return_time": 826.2591459751129}