{"data_examined": "FaceFour", "effect_used": "rwalksd0.05_effectdb", "alpha-level": 0.1, "lag value": 1, "representation used": "non-Grail", "precision": 0.8396946564885496, "recall": 0.9821428571428571, "f-score": 0.9053497942386831, "return_time": 14211.178389310837}