{"data_examined": "FaceFour", "effect_used": "mixsd0.2_0.05_causaldb", "alpha-level": 0.1, "lag value": 1, "representation used": "non-Grail", "precision": 0.1385390428211587, "recall": 0.9821428571428571, "f-score": 0.24282560706401768, "return_time": 715.0453267097473}