{"data_examined": "FaceFour", "effect_used": "rwalksd0.1_effectdb", "alpha-level": 0.01, "lag value": 2, "representation used": "non-Grail", "precision": 0.23595505617977527, "recall": 0.375, "f-score": 0.28965517241379307, "return_time": 815.6476566791534}