{"data_examined": "FaceFour", "effect_used": "mixsd0.2_0.05_causaldb", "alpha-level": 0.025, "lag value": 1, "representation used": "non-Grail", "precision": 0.7730496453900709, "recall": 0.9732142857142857, "f-score": 0.8616600790513834, "return_time": 20590.35630464554}