{"data_examined": "FaceFour", "effect_used": "rwalksd0.1_effectdb", "alpha-level": 0.1, "lag value": 2, "representation used": "non-Grail", "precision": 0.7297297297297297, "recall": 0.24107142857142858, "f-score": 0.3624161073825503, "return_time": 10170.881407499313}