{"data_examined": "FaceFour", "effect_used": "rwalksd0.05_effectdb", "alpha-level": 0.05, "lag value": 2, "representation used": "non-Grail", "precision": 0.7878787878787878, "recall": 0.23214285714285715, "f-score": 0.3586206896551724, "return_time": 14211.178389310837}