{"data_examined": "FaceFour", "effect_used": "randomsd0.1_effectdb", "alpha-level": 0.1, "lag value": 2, "representation used": "non-Grail", "precision": 0.12077294685990338, "recall": 0.22321428571428573, "f-score": 0.1567398119122257, "return_time": 677.0488078594208}