{"data_examined": "FaceFour", "effect_used": "rwalksd0.1_effectdb", "alpha-level": 0.1, "lag value": 1, "representation used": "non-Grail", "precision": 0.19715808170515098, "recall": 0.9910714285714286, "f-score": 0.3288888888888889, "return_time": 815.6476566791534}