{"data_examined": "FaceFour", "effect_used": "rwalksd0.1_effectdb", "alpha-level": 0.025, "lag value": 2, "representation used": "non-Grail", "precision": 0.8, "recall": 0.21428571428571427, "f-score": 0.3380281690140845, "return_time": 10170.881407499313}