{"data_examined": "FaceFour", "effect_used": "mixsd0.1_0.1_causaldb", "alpha-level": 0.025, "lag value": 2, "representation used": "non-Grail", "precision": 0.3103448275862069, "recall": 0.08035714285714286, "f-score": 0.12765957446808512, "return_time": 20544.172076702118}