{"data_examined": "FaceFour", "effect_used": "mixsd0.1_0.1_causaldb", "alpha-level": 0.01, "lag value": 2, "representation used": "non-Grail", "precision": 0.20408163265306123, "recall": 0.44642857142857145, "f-score": 0.28011204481792723, "return_time": 673.8217904567719}