{"data_examined": "FaceFour", "effect_used": "randomsd0.1_effectdb", "alpha-level": 0.05, "lag value": 2, "representation used": "non-Grail", "precision": 0.17094017094017094, "recall": 0.17857142857142858, "f-score": 0.17467248908296945, "return_time": 411.1189739704132}